{"cameraMode":{"drawMode":0,"name":"Shaded","section":"Shading Mode"},"sceneLighting":true,"audioPlay":false,"sceneViewState":{"showFog":true,"showMaterialUpdate":true,"showSkybox":true,"showFlares":true,"showImageEffects":true,"showParticleSystems":true},"in2DMode":false,"pivot":{"x":-10.27037239074707,"y":-7.4539947509765629,"z":-0.5442636013031006},"rotation":{"x":-0.18608708679676057,"y":0.723272979259491,"z":-0.21322906017303468,"w":-0.6300840377807617},"size":11.025846481323243,"orthographic":false}