{"cameraMode":{"drawMode":0,"name":"Shaded","section":"Shading Mode"},"sceneLighting":true,"audioPlay":false,"sceneViewState":{"showFog":true,"showMaterialUpdate":true,"showSkybox":true,"showFlares":true,"showImageEffects":true,"showParticleSystems":true},"in2DMode":false,"pivot":{"x":-12.799806594848633,"y":-14.077744483947754,"z":-7.181065082550049},"rotation":{"x":-0.1960785686969757,"y":0.7925112247467041,"z":-0.3245842754840851,"w":-0.47785910964012148},"size":14.304238319396973,"orthographic":false}