{"cameraMode":{"drawMode":0,"name":"Shaded","section":"Shading Mode"},"sceneLighting":true,"audioPlay":false,"sceneViewState":{"showFog":true,"showMaterialUpdate":true,"showSkybox":true,"showFlares":true,"showImageEffects":true,"showParticleSystems":true},"in2DMode":false,"pivot":{"x":-9.68921947479248,"y":-6.502527236938477,"z":3.373044013977051},"rotation":{"x":-0.29331275820732119,"y":0.4591997265815735,"z":-0.16346025466918946,"w":-0.822562038898468},"size":10.041289329528809,"orthographic":false}