{"cameraMode":{"drawMode":0,"name":"Shaded","section":"Shading Mode"},"sceneLighting":true,"audioPlay":false,"sceneViewState":{"showFog":true,"showMaterialUpdate":true,"showSkybox":true,"showFlares":true,"showImageEffects":true,"showParticleSystems":true},"in2DMode":false,"pivot":{"x":-0.5544863939285278,"y":1.2854361534118653,"z":-0.6048018336296082},"rotation":{"x":-0.016554653644561769,"y":-0.9581670165061951,"z":0.280093789100647,"w":-0.056669726967811587},"size":2.0,"orthographic":false}