{"cameraMode":{"drawMode":0,"name":"Shaded","section":"Shading Mode"},"sceneLighting":true,"audioPlay":false,"sceneViewState":{"showFog":true,"showMaterialUpdate":true,"showSkybox":true,"showFlares":true,"showImageEffects":true,"showParticleSystems":true},"in2DMode":false,"pivot":{"x":7.1328125,"y":0.15478515625,"z":-1.83154296875},"rotation":{"x":0.031424883753061298,"y":-0.9589681029319763,"z":0.25613537430763247,"w":0.11765576899051666},"size":3.931532859802246,"orthographic":true}