{"cameraMode":{"drawMode":0,"name":"Shaded","section":"Shading Mode"},"sceneLighting":true,"audioPlay":false,"sceneViewState":{"showFog":true,"showMaterialUpdate":true,"showSkybox":true,"showFlares":true,"showImageEffects":true,"showParticleSystems":true},"in2DMode":false,"pivot":{"x":2.7903096675872804,"y":-1.8256628513336182,"z":2.2177085876464845},"rotation":{"x":-0.22729787230491639,"y":-0.3371357023715973,"z":0.08446898311376572,"w":-0.9098188877105713},"size":5.3000006675720219,"orthographic":false}