{"cameraMode":{"drawMode":0,"name":"Shaded","section":"Shading Mode"},"sceneLighting":true,"audioPlay":false,"sceneViewState":{"showFog":true,"showMaterialUpdate":true,"showSkybox":true,"showFlares":true,"showImageEffects":true,"showParticleSystems":true},"in2DMode":false,"pivot":{"x":20.829193115234376,"y":-13.706177711486817,"z":14.623493194580079},"rotation":{"x":-0.21204325556755067,"y":-0.47087034583091738,"z":0.1176188588142395,"w":-0.8483397364616394},"size":19.967226028442384,"orthographic":false}