{"cameraMode":{"drawMode":0,"name":"Shaded","section":"Shading Mode"},"sceneLighting":true,"audioPlay":false,"sceneViewState":{"showFog":true,"showMaterialUpdate":true,"showSkybox":true,"showFlares":true,"showImageEffects":true,"showParticleSystems":true},"in2DMode":false,"pivot":{"x":0.44873932003974917,"y":0.7483161091804504,"z":-3.924452543258667},"rotation":{"x":-0.39026308059692385,"y":-0.13956451416015626,"z":0.06012031435966492,"w":-0.9081376194953919},"size":5.600000858306885,"orthographic":false}