{"cameraMode":{"drawMode":0,"name":"Shaded","section":"Shading Mode"},"sceneLighting":true,"audioPlay":false,"sceneViewState":{"showFog":true,"showMaterialUpdate":true,"showSkybox":true,"showFlares":true,"showImageEffects":true,"showParticleSystems":true},"in2DMode":false,"pivot":{"x":1.7255859375,"y":4.31396484375,"z":4.16064453125},"rotation":{"x":-0.030549893155694009,"y":-0.9442815184593201,"z":0.31550127267837527,"w":-0.08990370482206345},"size":7.887805938720703,"orthographic":true}