{"cameraMode":{"drawMode":0,"name":"Shaded","section":"Shading Mode"},"sceneLighting":true,"audioPlay":false,"sceneViewState":{"showFog":true,"showMaterialUpdate":true,"showSkybox":true,"showFlares":true,"showImageEffects":true,"showParticleSystems":true},"in2DMode":false,"pivot":{"x":0.7308754920959473,"y":0.9523658752441406,"z":-0.6465508937835693},"rotation":{"x":-0.41618287563323977,"y":0.35191312432289126,"z":-0.1785011887550354,"w":-0.819338321685791},"size":3.499999761581421,"orthographic":false}